iso3_code,country_name,country_group
ROU,Romania             ,Central/Eastern Europe
PRT,Portugal            ,Focus                 
POL,Poland              ,Central/Eastern Europe
LVA,Latvia              ,Post-Soviet           
LTU,Lithuania           ,Post-Soviet           
ITA,Italy               ,Western Europe        
IRL,Ireland             ,Western Europe        
HUN,Hungary             ,Central/Eastern Europe
GRC,Greece              ,Western Europe        
FRA,France              ,Western Europe        
EUU,European Union      ,European Union        
EST,Estonia             ,Post-Soviet           
ESP,Spain               ,Western Europe        
DEU,Germany             ,Western Europe        
CZE,Czechia             ,Central/Eastern Europe
BEL,Belgium             ,Western Europe        
